Keyword,Average Salary,Example URLs
digital,1852.5223277074542,"https://www.upwork.com/jobs/Digital-Marketing-Sales-Closing-Specialist_%7E01946e98006f7b3675?source=rss, https://www.upwork.com/jobs/Project-Manager-Digital-Marketing-Market-Plan_%7E0155948eff6c6ff94d?source=rss, https://www.upwork.com/jobs/Digital-Marketing-Specialist-for-Nutraceuticals_%7E016cb571563f66b206?source=rss"
sales,1832.1284369114878,"https://www.upwork.com/jobs/Digital-Marketing-Sales-Closing-Specialist_%7E01946e98006f7b3675?source=rss, https://www.upwork.com/jobs/HubSpot-Implementation-amp-Setup-For-Sales-Team_%7E013144f4a663ad4ac9?source=rss, https://www.upwork.com/jobs/eBay-Dropshipping-store-management-and-general-more-sales_%7E01c3c5c67f721c9155?source=rss"
full,1196.328125,"https://www.upwork.com/jobs/Full-Stack-Developer_%7E011604a02b364315a8?source=rss, https://www.upwork.com/jobs/Web3-Full-stack-Developer_%7E016de8daf913b57784?source=rss, https://www.upwork.com/jobs/Full-stack-Developer_%7E0184ab32ce5e0dc79c?source=rss"
job,1146.0748540450375,"https://www.upwork.com/jobs/Create-job-offers-human-resources_%7E0152760891a70bd893?source=rss, https://www.upwork.com/jobs/Part-time-Online-Job_%7E01ceea688ceb9c7148?source=rss, https://www.upwork.com/jobs/Entry-level-admin-assistant-job_%7E0185e99ee22447803a?source=rss"
account,963.9453630481668,"https://www.upwork.com/jobs/Professional-Debt-Collection-amp-Accounts-Receivables-Industry_%7E011525a5854bf3b5b4?source=rss, https://www.upwork.com/jobs/Mailchimp-Account-Manager_%7E0120ba2eddde3d889b?source=rss, https://www.upwork.com/jobs/Google-Ads-Account-Manager_%7E011ae7d96a931c2bfc?source=rss"
stack,905.407965970611,"https://www.upwork.com/jobs/Full-Stack-Developer_%7E011604a02b364315a8?source=rss, https://www.upwork.com/jobs/Web3-Full-stack-Developer_%7E016de8daf913b57784?source=rss, https://www.upwork.com/jobs/Full-stack-Developer_%7E0184ab32ce5e0dc79c?source=rss"
development,869.1904960748288,"https://www.upwork.com/jobs/Transport-Transport-planning-Capacity-development-Engineer-based-Central-West-Asia_%7E01cedb9fc79fd8aac5?source=rss, https://www.upwork.com/jobs/Website-Development-for-Security-Products_%7E0141ed269bdcc88075?source=rss, https://www.upwork.com/jobs/KESHAH-App-Development_%7E01fc682f1c130f1603?source=rss"
build,800.3673621460507,"https://www.upwork.com/jobs/Build-standalone-Python-app-that-records-system-audio-MacOS_%7E011848ed9a27097031?source=rss, https://www.upwork.com/jobs/Finish-Building-WooCommerce-Website_%7E01838a16585ffb43ed?source=rss, https://www.upwork.com/jobs/Build-for-Mobile-App_%7E01e9cfbf3c7003f76b?source=rss"
application,764.5151869158879,"https://www.upwork.com/jobs/Flutter-application_%7E01f37061c511db7da0?source=rss, https://www.upwork.com/jobs/How-make-users-force-update-the-mobile-application-because-our-backend-changing_%7E01ee8183c3ff65e1fe?source=rss, https://www.upwork.com/jobs/Freelance-GIS-Analyst-for-Computer-Aided-Dispatch-Software-Applications_%7E015a3bdf646a25bed2?source=rss"
seeking,701.930361675127,"https://www.upwork.com/jobs/Seeking-Creative-Video-Editor-for-Learning-Courses-Social-Media-and-Animation-Projects_%7E010a885fc1a6f0adbe?source=rss, https://www.upwork.com/jobs/Seeking-Expert-Web-Developer-for-Facial-Recognition-Image-Recognition-and-Integration-Project_%7E015e7decb287174dbb?source=rss, https://www.upwork.com/jobs/Seeking-Native-Russian-and-English-Music-Producers-for-Groundbreaking-Music-Project_%7E010e6abbfdcde745f7?source=rss"
new,647.5994790374597,"https://www.upwork.com/jobs/Create-new-website-amp-Migrate-existing-new-hosting_%7E01eb94a1845c875a8f?source=rss, https://www.upwork.com/jobs/Provide-Traffic-amp-New-Users-Telgram-channel-for-New-Hyper-Profitable-Crypto-Launch_%7E012c92941626b91608?source=rss, https://www.upwork.com/jobs/Legal-Counsel-Intellectual-Property-Law-New-York_%7E0107ce5ad0a0fd77a3?source=rss"
engineer,602.7117937635072,"https://www.upwork.com/jobs/Data-Engineer_%7E015c34d1bcadde8702?source=rss, https://www.upwork.com/jobs/Mechanical-Engineer-Model-Planetary-Gear-Mixer_%7E0147265bb849e4f697?source=rss, https://www.upwork.com/jobs/Transport-Transport-planning-Capacity-development-Engineer-based-Central-West-Asia_%7E01cedb9fc79fd8aac5?source=rss"
mobile,585.008872651357,"https://www.upwork.com/jobs/Full-Stack-Mobile-Developer-for-React-Native-amp-Backend-for-Social-App_%7E01d3c3967c840e93dd?source=rss, https://www.upwork.com/jobs/Build-for-Mobile-App_%7E01e9cfbf3c7003f76b?source=rss, https://www.upwork.com/jobs/Need-Designer-for-Website-and-Mobile-app_%7E01d597a1414be12c4f?source=rss"
developer,566.0161132214189,"https://www.upwork.com/jobs/Full-Stack-Developer_%7E011604a02b364315a8?source=rss, https://www.upwork.com/jobs/PHP-HTML-CSS-WordPress-Developer-Needed-for-Website-Transformation_%7E01d53716ab39fc98c5?source=rss, https://www.upwork.com/jobs/Web3-Full-stack-Developer_%7E016de8daf913b57784?source=rss"
amazon,560.8403590944574,"https://www.upwork.com/jobs/Amazon-store-front_%7E0147aa7586b01cfe9c?source=rss, https://www.upwork.com/jobs/Need-ppc-expert-for-product-amazon_%7E01b1fffce298766e21?source=rss, https://www.upwork.com/jobs/Amazon-specialist-needed-for-Listing-Optimization-and-PPC_%7E01038e8da24fc1c6a4?source=rss"
manager,534.9485808015975,"https://www.upwork.com/jobs/Located-Manager_%7E0129eb6d02bcf83e15?source=rss, https://www.upwork.com/jobs/Expert-Facebook-Google-Ads-Manager-for-Attorney-Clients-with-GoHighLevel-Experience-LONG-TERM_%7E019354db36310c4083?source=rss, https://www.upwork.com/jobs/Social-Media-Content-Manager-for-Real-Estate_%7E01fa9bae3b20b01b59?source=rss"
app,524.0492540295724,"https://www.upwork.com/jobs/SMMA-Bubble-App_%7E0166a7749b263ff2e0?source=rss, https://www.upwork.com/jobs/Build-standalone-Python-app-that-records-system-audio-MacOS_%7E011848ed9a27097031?source=rss, https://www.upwork.com/jobs/Looking-for-appointment-setter-who-knows-social-media-marketing-amp-virtual-assistant-services_%7E019b2b4045bc0e6736?source=rss"
software,500.79610951008647,"https://www.upwork.com/jobs/are-looking-for-Software-developer-for-our-project_%7E0113fac20b54c1ce9c?source=rss, https://www.upwork.com/jobs/Experienced-Hebrew-Speaking-Copywriter-create-advertising-text-for-Cloud-Inventory-Software_%7E011fc8b24e278808fb?source=rss, https://www.upwork.com/jobs/30min-Interview-with-Directors-about-Software-Purchasing-Process-Research_%7E01762cc38132e51546?source=rss"
custom,492.29814487632507,"https://www.upwork.com/jobs/Customer-Service_%7E01a1114f586df98343?source=rss, https://www.upwork.com/jobs/B2B-Customer-Satisfaction-Researcher_%7E019b200e7363cacfad?source=rss, https://www.upwork.com/jobs/Shopify-Developer-Needed-for-Custom-Product-Options-Dawn-Theme_%7E0149ba0147033ec2b2?source=rss"
company,484.1985855410867,"https://www.upwork.com/jobs/need-logo-designer-who-can-create-simple-minimalist-design-for-company_%7E01697a3a823be1bd29?source=rss, https://www.upwork.com/jobs/Social-Media-Designer-for-Incense-Perfume-and-Sprays-Company_%7E0145cc19bb4705899f?source=rss, https://www.upwork.com/jobs/Logo-Design-for-Drone-Company_%7E01abfc9050c8a8db12?source=rss"
work,467.8298134098831,"https://www.upwork.com/jobs/Technical-Fashion-Designer-with-Skills-for-Long-Term-Work_%7E016b117dd4d7a7cf03?source=rss, https://www.upwork.com/jobs/URGENT-Fix-Emails-Not-Working-Discourse-Installation_%7E0105071d7c0022c291?source=rss, https://www.upwork.com/jobs/Solidworks-tutors_%7E011beaac8d8fdbe3ac?source=rss"
ai,463.14779453885814,"https://www.upwork.com/jobs/URGENT-Fix-Emails-Not-Working-Discourse-Installation_%7E0105071d7c0022c291?source=rss, https://www.upwork.com/jobs/Cold-Email-Copy-Expert_%7E01fea28ea7f9face38?source=rss, https://www.upwork.com/jobs/Lead-Generation-Specialist-for-amp-Tech-Consulting-Firms_%7E0126bd46d01a33e471?source=rss"
generation,462.51121562952244,"https://www.upwork.com/jobs/Lead-Generation-Specialist-for-amp-Tech-Consulting-Firms_%7E0126bd46d01a33e471?source=rss, https://www.upwork.com/jobs/B2B-Marketing-Lead-Generation_%7E01440de54513cd1b03?source=rss, https://www.upwork.com/jobs/Media-Buyer-for-Real-Estate-Lead-Generation_%7E0128ac35f034148136?source=rss"
specialist,453.3866579606051,"https://www.upwork.com/jobs/Digital-Marketing-Sales-Closing-Specialist_%7E01946e98006f7b3675?source=rss, https://www.upwork.com/jobs/Lead-Generation-Specialist-for-amp-Tech-Consulting-Firms_%7E0126bd46d01a33e471?source=rss, https://www.upwork.com/jobs/Dental-Credentialing-Specialist_%7E0123c33f6b6e280451?source=rss"
amp,419.0676801332778,"https://www.upwork.com/jobs/Professional-Debt-Collection-amp-Accounts-Receivables-Industry_%7E011525a5854bf3b5b4?source=rss, https://www.upwork.com/jobs/Create-new-website-amp-Migrate-existing-new-hosting_%7E01eb94a1845c875a8f?source=rss, https://www.upwork.com/jobs/HubSpot-Implementation-amp-Setup-For-Sales-Team_%7E013144f4a663ad4ac9?source=rss"
writer,416.7090377526376,"https://www.upwork.com/jobs/need-Portuguese-writers-who-can-understand-and-write-Portuguese_%7E01a8e8d6fbcd142d1a?source=rss, https://www.upwork.com/jobs/YouTube-Script-Writer-Royalty-and-Monarchy_%7E0116758b5280a9cab6?source=rss, https://www.upwork.com/jobs/Looking-for-script-writer-for-YouTube-channel_%7E015c005904beb0944d?source=rss"
marketing,409.18112939505147,"https://www.upwork.com/jobs/Talent-Hunter-Specialized-Marketing_%7E016285f94066dffb31?source=rss, https://www.upwork.com/jobs/Affiliate-Marketing_%7E01c264df4246a6e7ae?source=rss, https://www.upwork.com/jobs/Digital-Marketing-Sales-Closing-Specialist_%7E01946e98006f7b3675?source=rss"
ecommerce,391.69492352749756,"https://www.upwork.com/jobs/Looker-Studio-Dashboard-for-Leadgen-and-Commerce-with-Tool-quot-Reporting-Ninja-quot_%7E013495c5e08db96e73?source=rss, https://www.upwork.com/jobs/Social-Media-Manager-amp-Content-Creator-Wanted-for-Commerce-Brand_%7E0181c955c55bf7b5ec?source=rss, https://www.upwork.com/jobs/commerce-Facebook-ads-for-products_%7E01014098a880f221bc?source=rss"
agency,388.0419316375199,"https://www.upwork.com/jobs/Social-Media-Manager-and-Video-Editing-Agency_%7E01a4e09c1243a0199b?source=rss, https://www.upwork.com/jobs/Product-Manager-launch-new-products-and-services-for-Digital-Agency_%7E015f3689ace4bc0c96?source=rss, https://www.upwork.com/jobs/Create-Agency-Style-Business-For-Copywriting_%7E010a3da1fe63a1a5df?source=rss"
project,378.3010028653295,"https://www.upwork.com/jobs/Seeking-Creative-Video-Editor-for-Learning-Courses-Social-Media-and-Animation-Projects_%7E010a885fc1a6f0adbe?source=rss, https://www.upwork.com/jobs/Refactoring-Python-Project-for-Stock-Picking-Regression-Model_%7E01337a824ae58620c3?source=rss, https://www.upwork.com/jobs/are-looking-for-Software-developer-for-our-project_%7E0113fac20b54c1ce9c?source=rss"
experienced,377.51612903225805,"https://www.upwork.com/jobs/Experienced-Media-Buyer-For-Solar-Pannel-and-Roofing-installation-companies_%7E0173dd0447366e03d2?source=rss, https://www.upwork.com/jobs/Experienced-Full-Cycle-Recruiter-LATAM-Immediate-Hire_%7E01c92463905b29db30?source=rss, https://www.upwork.com/jobs/Experienced-Architect-for-Interior-Modeling-Royal-Academy-Arts-London_%7E01fada3a2848075e15?source=rss"
experience,360.58000566411783,"https://www.upwork.com/jobs/Experienced-Media-Buyer-For-Solar-Pannel-and-Roofing-installation-companies_%7E0173dd0447366e03d2?source=rss, https://www.upwork.com/jobs/Experienced-Full-Cycle-Recruiter-LATAM-Immediate-Hire_%7E01c92463905b29db30?source=rss, https://www.upwork.com/jobs/Expert-Facebook-Google-Ads-Manager-for-Attorney-Clients-with-GoHighLevel-Experience-LONG-TERM_%7E019354db36310c4083?source=rss"
designer,348.9073777980813,"https://www.upwork.com/jobs/designer-needed-create-model-character_%7E010b9392a52d9d9991?source=rss, https://www.upwork.com/jobs/Technical-Fashion-Designer-with-Skills-for-Long-Term-Work_%7E016b117dd4d7a7cf03?source=rss, https://www.upwork.com/jobs/need-logo-designer-who-can-create-simple-minimalist-design-for-company_%7E01697a3a823be1bd29?source=rss"
translation,347.08775409023303,"https://www.upwork.com/jobs/General-translation-local-languages_%7E01218e9f92dc943b94?source=rss, https://www.upwork.com/jobs/Brochure-Translation-Spanish-amp-Portuguese-Brazil_%7E01deaee0e10dcd6a98?source=rss, https://www.upwork.com/jobs/Japanese-English-translation_%7E01820583afebfe213e?source=rss"
page,345.46090534979425,"https://www.upwork.com/jobs/Convert-single-page-figma-Nextjs-Urgently_%7E0154449e29dea16169?source=rss, https://www.upwork.com/jobs/Collecting-the-Facebook-pages-candidates-for-the-2024-Bangladeshi-Election_%7E01250f560184f542dd?source=rss, https://www.upwork.com/jobs/Copyeditor-for-pages-Manuscript_%7E01f1f22eea39c74cba?source=rss"
help,335.2104897878247,"https://www.upwork.com/jobs/Lost-Desktop-Wallpaper-Need-Help-Locating_%7E01b382c45436c59743?source=rss, https://www.upwork.com/jobs/Need-help-for-wordpress-website_%7E015e1b9ad6ce69326d?source=rss, https://www.upwork.com/jobs/Jotform-help-needed_%7E0141f5e8d0cd57f009?source=rss"
react,328.95411808950735,"https://www.upwork.com/jobs/Full-Stack-Mobile-Developer-for-React-Native-amp-Backend-for-Social-App_%7E01d3c3967c840e93dd?source=rss, https://www.upwork.com/jobs/Full-Stack-Developer-React-Spring-Boot_%7E01364171ffe8898642?source=rss, https://www.upwork.com/jobs/Website-Revamp-Front-end-Developer-Gatsby-React-and-Tailwind-CSS_%7E01d489ad1517ab82f5?source=rss"
us,327.62779843520025,"https://www.upwork.com/jobs/Located-Manager_%7E0129eb6d02bcf83e15?source=rss, https://www.upwork.com/jobs/Customer-Service_%7E01a1114f586df98343?source=rss, https://www.upwork.com/jobs/CapCut-genius_%7E017f0b773368f9847e?source=rss"
real,325.66494693396226,"https://www.upwork.com/jobs/Social-Media-Content-Manager-for-Real-Estate_%7E01fa9bae3b20b01b59?source=rss, https://www.upwork.com/jobs/Unreal-Niagara-Troubleshooting_%7E010046ada948c5ee3d?source=rss, https://www.upwork.com/jobs/Affordable-Real-Estate-Photographer-Redlands_%7E014d9f4b955ea3bc00?source=rss"
service,317.4333976833977,"https://www.upwork.com/jobs/Customer-Service_%7E01a1114f586df98343?source=rss, https://www.upwork.com/jobs/Looking-for-appointment-setter-who-knows-social-media-marketing-amp-virtual-assistant-services_%7E019b2b4045bc0e6736?source=rss, https://www.upwork.com/jobs/Needed-Assistance-Delivery-Service_%7E010643f0c353b78b53?source=rss"
business,315.5889293633196,"https://www.upwork.com/jobs/Simple-logo-business-card-and-letterhead-design_%7E0146d49048aaf33e7f?source=rss, https://www.upwork.com/jobs/Online-business-manager_%7E01e178d64ba145c547?source=rss, https://www.upwork.com/jobs/Copywriter-SEO-friendly-articles-tech-innovation-and-business_%7E016e16e801bb2fcd1c?source=rss"
ad,313.09873823705635,"https://www.upwork.com/jobs/Looker-Studio-Dashboard-for-Leadgen-and-Commerce-with-Tool-quot-Reporting-Ninja-quot_%7E013495c5e08db96e73?source=rss, https://www.upwork.com/jobs/Linkedin-Ads-Coach_%7E01eef9f8fd0ece2d56?source=rss, https://www.upwork.com/jobs/Teach-about-SCADA-programming-using-TIA_%7E01fceecf861aeccae4?source=rss"
web,312.77377805830605,"https://www.upwork.com/jobs/PHP-HTML-CSS-WordPress-Developer-Needed-for-Website-Transformation_%7E01d53716ab39fc98c5?source=rss, https://www.upwork.com/jobs/Web3-Full-stack-Developer_%7E016de8daf913b57784?source=rss, https://www.upwork.com/jobs/Website-design-Design_%7E01bc8fd3fbc3c40886?source=rss"
graphic,308.55963658953254,"https://www.upwork.com/jobs/Graphic-designer-needed-for-sign-login-pages_%7E01c1cd1df3ba272c00?source=rss, https://www.upwork.com/jobs/Graphic-designer-needed-create-social-media-posts_%7E014f53f28f688ca72e?source=rss, https://www.upwork.com/jobs/Graphic-Designer_%7E01803645844a4f2b1d?source=rss"
design,308.2519552046998,"https://www.upwork.com/jobs/designer-needed-create-model-character_%7E010b9392a52d9d9991?source=rss, https://www.upwork.com/jobs/Technical-Fashion-Designer-with-Skills-for-Long-Term-Work_%7E016b117dd4d7a7cf03?source=rss, https://www.upwork.com/jobs/need-logo-designer-who-can-create-simple-minimalist-design-for-company_%7E01697a3a823be1bd29?source=rss"
product,306.79861005040476,"https://www.upwork.com/jobs/Shopify-Developer-Needed-for-Custom-Product-Options-Dawn-Theme_%7E0149ba0147033ec2b2?source=rss, https://www.upwork.com/jobs/Homeware-Product-Pattern-Designer_%7E01e1031b28c410bfca?source=rss, https://www.upwork.com/jobs/Need-ppc-expert-for-product-amazon_%7E01b1fffce298766e21?source=rss"
expert,303.17648697159126,"https://www.upwork.com/jobs/Expert-Facebook-Google-Ads-Manager-for-Attorney-Clients-with-GoHighLevel-Experience-LONG-TERM_%7E019354db36310c4083?source=rss, https://www.upwork.com/jobs/Need-Expert-Closer-Close-Warm-Leads_%7E0190e456c95f6f3a29?source=rss, https://www.upwork.com/jobs/Cold-Email-Copy-Expert_%7E01fea28ea7f9face38?source=rss"
integration,299.20201612903224,"https://www.upwork.com/jobs/Monday-asana-set-for-construction-project-management-and-zapier-integrations_%7E016eabd221bf6c3ed8?source=rss, https://www.upwork.com/jobs/Android-App-Purchase-Integration_%7E01b28a16ad4fc4ec80?source=rss, https://www.upwork.com/jobs/Need-High-Level-and-Duda-Integration-Expert_%7E01067a28a007a66b2b?source=rss"
looking,297.7044907778669,"https://www.upwork.com/jobs/looking-for-person-who-knows-how-write-algorithms-the-Chrome-browser-extension_%7E01c2cdefed730aa855?source=rss, https://www.upwork.com/jobs/Looking-For-Career-Consultant_%7E015aa37efc9fad6dac?source=rss, https://www.upwork.com/jobs/Looking-for-appointment-setter-who-knows-social-media-marketing-amp-virtual-assistant-services_%7E019b2b4045bc0e6736?source=rss"
wordpress,289.4954080876907,"https://www.upwork.com/jobs/Want-fix-the-WordPress-Plugin_%7E01c118851202b1a886?source=rss, https://www.upwork.com/jobs/PHP-HTML-CSS-WordPress-Developer-Needed-for-Website-Transformation_%7E01d53716ab39fc98c5?source=rss, https://www.upwork.com/jobs/Need-Someone-Update-4000-Url-the-Redirected-Links-Wordpress-Content_%7E011a0b9086a972c1ea?source=rss"
online,281.913589645984,"https://www.upwork.com/jobs/Online-business-manager_%7E01e178d64ba145c547?source=rss, https://www.upwork.com/jobs/Online-Speaker-and-Host-for-auctioning_%7E0161275b73f14dda7a?source=rss, https://www.upwork.com/jobs/React-developer-for-building-professional-online-business-mentorship-platform_%7E01906cc38ffaed1e0c?source=rss"
logo,280.2675082137299,"https://www.upwork.com/jobs/need-logo-designer-who-can-create-simple-minimalist-design-for-company_%7E01697a3a823be1bd29?source=rss, https://www.upwork.com/jobs/Logo-Design-for-Drone-Company_%7E01abfc9050c8a8db12?source=rss, https://www.upwork.com/jobs/Simple-logo-business-card-and-letterhead-design_%7E0146d49048aaf33e7f?source=rss"
lead,277.85592705167176,"https://www.upwork.com/jobs/Looker-Studio-Dashboard-for-Leadgen-and-Commerce-with-Tool-quot-Reporting-Ninja-quot_%7E013495c5e08db96e73?source=rss, https://www.upwork.com/jobs/Need-Expert-Closer-Close-Warm-Leads_%7E0190e456c95f6f3a29?source=rss, https://www.upwork.com/jobs/Lead-Generation-Specialist-for-amp-Tech-Consulting-Firms_%7E0126bd46d01a33e471?source=rss"
python,272.5231884057971,"https://www.upwork.com/jobs/Build-standalone-Python-app-that-records-system-audio-MacOS_%7E011848ed9a27097031?source=rss, https://www.upwork.com/jobs/Refactoring-Python-Project-for-Stock-Picking-Regression-Model_%7E01337a824ae58620c3?source=rss, https://www.upwork.com/jobs/Sematic-segmentation-using-remote-sensing-and-python-CNN_%7E015b8db45623342bb6?source=rss"
virtual,270.76552583862195,"https://www.upwork.com/jobs/Looking-for-appointment-setter-who-knows-social-media-marketing-amp-virtual-assistant-services_%7E019b2b4045bc0e6736?source=rss, https://www.upwork.com/jobs/Virtual-Assistant-For-Busy-Entrepreneur_%7E0127d8d2204c45b44e?source=rss, https://www.upwork.com/jobs/AMAZON-KDP-Book-Publishing-Virtual-Assistants-Must-Have-Experience-amp-Know-Kindle-Publishing_%7E018b3d05f4c05c6eb0?source=rss"
need,267.9600881401713,"https://www.upwork.com/jobs/need-Portuguese-writers-who-can-understand-and-write-Portuguese_%7E01a8e8d6fbcd142d1a?source=rss, https://www.upwork.com/jobs/PHP-HTML-CSS-WordPress-Developer-Needed-for-Website-Transformation_%7E01d53716ab39fc98c5?source=rss, https://www.upwork.com/jobs/designer-needed-create-model-character_%7E010b9392a52d9d9991?source=rss"
artist,263.1294088425236,"https://www.upwork.com/jobs/Passionate-Male-Voice-Artist-for-faceless-Youtube-channel_%7E016035c82d7be1e22c?source=rss, https://www.upwork.com/jobs/Photo-manipulation-artist-PETS-niche_%7E0123b011c7e8e2565c?source=rss, https://www.upwork.com/jobs/American-Male-Voiceover-Artist-For-YouTube-Channel_%7E0110bc72d4ef205357?source=rss"
book,260.73856106027137,"https://www.upwork.com/jobs/Expert-Facebook-Google-Ads-Manager-for-Attorney-Clients-with-GoHighLevel-Experience-LONG-TERM_%7E019354db36310c4083?source=rss, https://www.upwork.com/jobs/Collecting-the-Facebook-pages-candidates-for-the-2024-Bangladeshi-Election_%7E01250f560184f542dd?source=rss, https://www.upwork.com/jobs/Typography-for-Book-Cover_%7E018bfc197da09f9984?source=rss"
needed,259.3367410866841,"https://www.upwork.com/jobs/PHP-HTML-CSS-WordPress-Developer-Needed-for-Website-Transformation_%7E01d53716ab39fc98c5?source=rss, https://www.upwork.com/jobs/designer-needed-create-model-character_%7E010b9392a52d9d9991?source=rss, https://www.upwork.com/jobs/Powerpoint-Designer-Needed-Move-Slides-Into-Existing-Template_%7E0197582eaa87430b76?source=rss"
management,258.9543847241867,"https://www.upwork.com/jobs/eBay-Dropshipping-store-management-and-general-more-sales_%7E01c3c5c67f721c9155?source=rss, https://www.upwork.com/jobs/Monday-asana-set-for-construction-project-management-and-zapier-integrations_%7E016eabd221bf6c3ed8?source=rss, https://www.upwork.com/jobs/Technical-Writer-Analysis-Document-for-Identity-Management_%7E011ffdb6b50ec9830d?source=rss"
data,247.98049332997735,"https://www.upwork.com/jobs/Data-Engineer_%7E015c34d1bcadde8702?source=rss, https://www.upwork.com/jobs/Pull-data-from-Microsoft-Ads-and-send-BigQuery-table-while-documenting-the-entire-process_%7E01562ea678dda204a1?source=rss, https://www.upwork.com/jobs/SEATTLE-Data-Anlyst_%7E0112036c1144943fff?source=rss"
using,246.28928266438942,"https://www.upwork.com/jobs/Teach-about-SCADA-programming-using-TIA_%7E01fceecf861aeccae4?source=rss, https://www.upwork.com/jobs/Sematic-segmentation-using-remote-sensing-and-python-CNN_%7E015b8db45623342bb6?source=rss, https://www.upwork.com/jobs/Website-Redesign-using-Figma_%7E01ce0609d550db783d?source=rss"
estate,242.66727199354318,"https://www.upwork.com/jobs/Social-Media-Content-Manager-for-Real-Estate_%7E01fa9bae3b20b01b59?source=rss, https://www.upwork.com/jobs/Affordable-Real-Estate-Photographer-Redlands_%7E014d9f4b955ea3bc00?source=rss, https://www.upwork.com/jobs/Media-Buyer-for-Real-Estate-Lead-Generation_%7E0128ac35f034148136?source=rss"
site,242.49033886785125,"https://www.upwork.com/jobs/SEO-for-Portuguese-Psychologist-site_%7E01b67082c5b51f7dec?source=rss, https://www.upwork.com/jobs/PHP-HTML-CSS-WordPress-Developer-Needed-for-Website-Transformation_%7E01d53716ab39fc98c5?source=rss, https://www.upwork.com/jobs/Website-design-Design_%7E01bc8fd3fbc3c40886?source=rss"
native,241.64515408664582,"https://www.upwork.com/jobs/Full-Stack-Mobile-Developer-for-React-Native-amp-Backend-for-Social-App_%7E01d3c3967c840e93dd?source=rss, https://www.upwork.com/jobs/Develop-simple-android-games-Libgdx-Godot-Android-Native-Flutter_%7E01306bd70848023e09?source=rss, https://www.upwork.com/jobs/Native-French-Translator-Needed-English-French_%7E0130b4d105c643b698?source=rss"
editor,241.3147926156797,"https://www.upwork.com/jobs/Seeking-Creative-Video-Editor-for-Learning-Courses-Social-Media-and-Animation-Projects_%7E010a885fc1a6f0adbe?source=rss, https://www.upwork.com/jobs/Talented-YouTube-video-editor_%7E011194f0ea38ad633f?source=rss, https://www.upwork.com/jobs/Chess-Education-Meme-Editor-needed_%7E0188ce9e6d00a887a6?source=rss"
website,240.58754606172272,"https://www.upwork.com/jobs/PHP-HTML-CSS-WordPress-Developer-Needed-for-Website-Transformation_%7E01d53716ab39fc98c5?source=rss, https://www.upwork.com/jobs/Website-design-Design_%7E01bc8fd3fbc3c40886?source=rss, https://www.upwork.com/jobs/Create-new-website-amp-Migrate-existing-new-hosting_%7E01eb94a1845c875a8f?source=rss"
channel,236.06315343317323,"https://www.upwork.com/jobs/Provide-Traffic-amp-New-Users-Telgram-channel-for-New-Hyper-Profitable-Crypto-Launch_%7E012c92941626b91608?source=rss, https://www.upwork.com/jobs/Passionate-Male-Voice-Artist-for-faceless-Youtube-channel_%7E016035c82d7be1e22c?source=rss, https://www.upwork.com/jobs/Looking-for-script-writer-for-YouTube-channel_%7E015c005904beb0944d?source=rss"
entry,234.446872125115,"https://www.upwork.com/jobs/Data-Entry-Tracking-Expenses_%7E0101c6138569a79896?source=rss, https://www.upwork.com/jobs/Marketing-Assistant-entry-level_%7E01dae88675ee58a5e7?source=rss, https://www.upwork.com/jobs/Data-Entry-Expert_%7E01ea31b634234e1b92?source=rss"
creator,223.04155292690325,"https://www.upwork.com/jobs/Video-Creator-Designer-Production_%7E01441152741e995d67?source=rss, https://www.upwork.com/jobs/YouTube-Video-Creator_%7E01b1e9ffe7698b5c1a?source=rss, https://www.upwork.com/jobs/based-UGC-creator_%7E016553a51fe1d7feda?source=rss"
video,222.54253137815334,"https://www.upwork.com/jobs/Promo-Video-for-Game_%7E0176b4aff4ccb4d948?source=rss, https://www.upwork.com/jobs/Seeking-Creative-Video-Editor-for-Learning-Courses-Social-Media-and-Animation-Projects_%7E010a885fc1a6f0adbe?source=rss, https://www.upwork.com/jobs/Talented-YouTube-video-editor_%7E011194f0ea38ad633f?source=rss"
api,217.20625,"https://www.upwork.com/jobs/Certified-personal-trainer-physical-therapist-write-SEO-articles-for-local-Tulsa-gym_%7E0114eb0f4f279e0247?source=rss, https://www.upwork.com/jobs/Instagram-Graph-API-setup_%7E012e33f91b8d7462cb?source=rss, https://www.upwork.com/jobs/Api-for-json-file_%7E016f5cabe5c09ed6fe?source=rss"
brand,208.23385518591,"https://www.upwork.com/jobs/Avocado-Oil-Brand-Packaging-Design_%7E01080c01cae11168f4?source=rss, https://www.upwork.com/jobs/Shopify-Website-Developer-Needed-for-Coffee-Brand_%7E013abc34081154d385?source=rss, https://www.upwork.com/jobs/Social-Media-Manager-amp-Content-Creator-Wanted-for-Commerce-Brand_%7E0181c955c55bf7b5ec?source=rss"
english,208.2215921725595,"https://www.upwork.com/jobs/with-good-spoken-english_%7E012cb7e1aeba8a99fd?source=rss, https://www.upwork.com/jobs/Translate-documents-from-Urdu-English_%7E01d7e0dc213dd75df4?source=rss, https://www.upwork.com/jobs/Native-French-Translator-Needed-English-French_%7E0130b4d105c643b698?source=rss"
creation,208.09305373525558,"https://www.upwork.com/jobs/Digital-Marketing-and-Content-Creation_%7E0186eb1584f05b29ee?source=rss, https://www.upwork.com/jobs/PPC-Campaigns-Creation_%7E0194c452c975920cd3?source=rss, https://www.upwork.com/jobs/Graphic-Designer-Needed-for-logo-creation_%7E014b560b864ae3ff52?source=rss"
facebook,206.24148402429364,"https://www.upwork.com/jobs/Expert-Facebook-Google-Ads-Manager-for-Attorney-Clients-with-GoHighLevel-Experience-LONG-TERM_%7E019354db36310c4083?source=rss, https://www.upwork.com/jobs/Collecting-the-Facebook-pages-candidates-for-the-2024-Bangladeshi-Election_%7E01250f560184f542dd?source=rss, https://www.upwork.com/jobs/Marketing-social-media-facebook-google-insta-adds-amp-Money-Making-Expert_%7E0139cf4fdabe5f1aae?source=rss"
seo,205.47574552683898,"https://www.upwork.com/jobs/SEO-for-Portuguese-Psychologist-site_%7E01b67082c5b51f7dec?source=rss, https://www.upwork.com/jobs/Certified-personal-trainer-physical-therapist-write-SEO-articles-for-local-Tulsa-gym_%7E0114eb0f4f279e0247?source=rss, https://www.upwork.com/jobs/Copywriter-SEO-friendly-articles-tech-innovation-and-business_%7E016e16e801bb2fcd1c?source=rss"
assistant,204.00512325512327,"https://www.upwork.com/jobs/Looking-for-appointment-setter-who-knows-social-media-marketing-amp-virtual-assistant-services_%7E019b2b4045bc0e6736?source=rss, https://www.upwork.com/jobs/Marketing-Assistant-entry-level_%7E01dae88675ee58a5e7?source=rss, https://www.upwork.com/jobs/Admin-Assistant-Social-media-creation_%7E0164c21cca81520b78?source=rss"
required,202.15278359146086,"https://www.upwork.com/jobs/Demand-Planning-Report-Required_%7E0143f283e9c941544b?source=rss, https://www.upwork.com/jobs/looking-for-freelancers-test-our-website-prior-experience-required_%7E01f0d9a30b6b281381?source=rss, https://www.upwork.com/jobs/Stock-Market-Trading-System-RFP-POC-Submission-Required_%7E015169b6865715b3c5?source=rss"
media,200.45176443629697,"https://www.upwork.com/jobs/Experienced-Media-Buyer-For-Solar-Pannel-and-Roofing-installation-companies_%7E0173dd0447366e03d2?source=rss, https://www.upwork.com/jobs/Social-media-pro-write-and-post-instagram_%7E0117a33936c23d49b9?source=rss, https://www.upwork.com/jobs/Experienced-Full-Cycle-Recruiter-LATAM-Immediate-Hire_%7E01c92463905b29db30?source=rss"
create,198.24843281548107,"https://www.upwork.com/jobs/designer-needed-create-model-character_%7E010b9392a52d9d9991?source=rss, https://www.upwork.com/jobs/need-logo-designer-who-can-create-simple-minimalist-design-for-company_%7E01697a3a823be1bd29?source=rss, https://www.upwork.com/jobs/Create-new-website-amp-Migrate-existing-new-hosting_%7E01eb94a1845c875a8f?source=rss"
videos,197.2549515381374,"https://www.upwork.com/jobs/need-some-animation-video-editing-experience-for-hypnosis-style-videos_%7E0186e5f74383931c45?source=rss, https://www.upwork.com/jobs/looking-for-sound-desginer-who-can-create-rain-videos_%7E015bd4b3ad489da873?source=rss, https://www.upwork.com/jobs/Male-voiceover-actor-for-whiteboard-videos_%7E0169274ef679aed601?source=rss"
ads,193.31940541340037,"https://www.upwork.com/jobs/Linkedin-Ads-Coach_%7E01eef9f8fd0ece2d56?source=rss, https://www.upwork.com/jobs/Expert-Facebook-Google-Ads-Manager-for-Attorney-Clients-with-GoHighLevel-Experience-LONG-TERM_%7E019354db36310c4083?source=rss, https://www.upwork.com/jobs/Need-Expert-Closer-Close-Warm-Leads_%7E0190e456c95f6f3a29?source=rss"
editing,189.68993963782697,"https://www.upwork.com/jobs/need-some-animation-video-editing-experience-for-hypnosis-style-videos_%7E0186e5f74383931c45?source=rss, https://www.upwork.com/jobs/Real-estate-video-editing-amp-motion-graphics_%7E01ed7481d6dcbc3166?source=rss, https://www.upwork.com/jobs/Academic-Paper-editing-and-Plagiarism-Check-and-Rephrase_%7E01d49e6ff681c87715?source=rss"
youtube,189.6548841495524,"https://www.upwork.com/jobs/Talented-YouTube-video-editor_%7E011194f0ea38ad633f?source=rss, https://www.upwork.com/jobs/YouTube-Script-Writer-Royalty-and-Monarchy_%7E0116758b5280a9cab6?source=rss, https://www.upwork.com/jobs/Passionate-Male-Voice-Artist-for-faceless-Youtube-channel_%7E016035c82d7be1e22c?source=rss"
research,187.42855202390655,"https://www.upwork.com/jobs/B2B-Customer-Satisfaction-Researcher_%7E019b200e7363cacfad?source=rss, https://www.upwork.com/jobs/Research-Travelling-Rome-Verona-and-Venice_%7E0169983c651e0a2e89?source=rss, https://www.upwork.com/jobs/30min-Interview-with-Directors-about-Software-Purchasing-Process-Research_%7E01762cc38132e51546?source=rss"
social,182.4196183505424,"https://www.upwork.com/jobs/Social-media-pro-write-and-post-instagram_%7E0117a33936c23d49b9?source=rss, https://www.upwork.com/jobs/Seeking-Creative-Video-Editor-for-Learning-Courses-Social-Media-and-Animation-Projects_%7E010a885fc1a6f0adbe?source=rss, https://www.upwork.com/jobs/Social-Media-Content-Manager-for-Real-Estate_%7E01fa9bae3b20b01b59?source=rss"
content,177.48102480803308,"https://www.upwork.com/jobs/Need-Someone-Update-4000-Url-the-Redirected-Links-Wordpress-Content_%7E011a0b9086a972c1ea?source=rss, https://www.upwork.com/jobs/Social-Media-Content-Manager-for-Real-Estate_%7E01fa9bae3b20b01b59?source=rss, https://www.upwork.com/jobs/Digital-Marketing-and-Content-Creation_%7E0186eb1584f05b29ee?source=rss"
script,177.02165991902834,"https://www.upwork.com/jobs/Web-Developer-Specializing-HTML-CSS-JavaScript-and-Unbounce_%7E017edfb02cd73a3105?source=rss, https://www.upwork.com/jobs/YouTube-Script-Writer-Royalty-and-Monarchy_%7E0116758b5280a9cab6?source=rss, https://www.upwork.com/jobs/Copyeditor-for-pages-Manuscript_%7E01f1f22eea39c74cba?source=rss"
store,174.7470525187567,"https://www.upwork.com/jobs/Shopify-Store-speed-Optimization_%7E0162bb3b8f782544e9?source=rss, https://www.upwork.com/jobs/eBay-Dropshipping-store-management-and-general-more-sales_%7E01c3c5c67f721c9155?source=rss, https://www.upwork.com/jobs/Need-initial-buyers-for-Gumroad-store_%7E01052c2ef205c1c342?source=rss"
tiktok,171.13764988009592,"https://www.upwork.com/jobs/Video-editor-TikTok-Live-Streamer-and-Talent-Manager_%7E0103ba2563c2c93264?source=rss, https://www.upwork.com/jobs/TikTok-Live-Streamer_%7E01b768ea9d1fdc67aa?source=rss, https://www.upwork.com/jobs/TikTok-Live-Streamer-Video-editor-and-Talent-Manager_%7E01b250231e24d54dc3?source=rss"
email,163.39091954022987,"https://www.upwork.com/jobs/URGENT-Fix-Emails-Not-Working-Discourse-Installation_%7E0105071d7c0022c291?source=rss, https://www.upwork.com/jobs/Cold-Email-Copy-Expert_%7E01fea28ea7f9face38?source=rss, https://www.upwork.com/jobs/Cold-Email-Specialist-With-Own-Server-IPs_%7E0139dda700373e1de2?source=rss"
support,154.65815664214625,"https://www.upwork.com/jobs/seek-Admin-support-Singapore_%7E01a47cf324e19c55a6?source=rss, https://www.upwork.com/jobs/Emergency-Customer-Support-Agent-Job_%7E01fb88b2541db11137?source=rss, https://www.upwork.com/jobs/General-Social-Media-amp-High-Level-Support-for-Mindfulness-Coach_%7E0121790906807c4092?source=rss"
short,151.29280085959886,"https://www.upwork.com/jobs/People-Needed-from-UAE-record-very-short-and-easy-sentences-our-app_%7E01b7745695576be4c7?source=rss, https://www.upwork.com/jobs/Create-short-Roblox-game-animated-trailer_%7E018ac9821048c229c4?source=rss, https://www.upwork.com/jobs/Short-Term-Rental-Website-Revised_%7E012e66d85fbe94613a?source=rss"
shopify,146.15677966101694,"https://www.upwork.com/jobs/Shopify-Store-speed-Optimization_%7E0162bb3b8f782544e9?source=rss, https://www.upwork.com/jobs/Shopify-Shop-Implementation_%7E01c266178fd0866b46?source=rss, https://www.upwork.com/jobs/Shopify-Developer-Needed-for-Custom-Product-Options-Dawn-Theme_%7E0149ba0147033ec2b2?source=rss"
instagram,130.70652173913044,"https://www.upwork.com/jobs/Social-media-pro-write-and-post-instagram_%7E0117a33936c23d49b9?source=rss, https://www.upwork.com/jobs/Instagram-Graph-API-setup_%7E012e33f91b8d7462cb?source=rss, https://www.upwork.com/jobs/Help-with-youtube-video-editing-amp-Instagram_%7E0141e579d5fad4a27c?source=rss"
simple,128.47811671087533,"https://www.upwork.com/jobs/need-logo-designer-who-can-create-simple-minimalist-design-for-company_%7E01697a3a823be1bd29?source=rss, https://www.upwork.com/jobs/Develop-simple-android-games-Libgdx-Godot-Android-Native-Flutter_%7E01306bd70848023e09?source=rss, https://www.upwork.com/jobs/Simple-logo-business-card-and-letterhead-design_%7E0146d49048aaf33e7f?source=rss"
google,122.22044410413476,"https://www.upwork.com/jobs/Expert-Facebook-Google-Ads-Manager-for-Attorney-Clients-with-GoHighLevel-Experience-LONG-TERM_%7E019354db36310c4083?source=rss, https://www.upwork.com/jobs/Google-Ads-Expert_%7E011928907bba45a343?source=rss, https://www.upwork.com/jobs/Get-blog-site-approved-for-Google-Adsense_%7E0188070779cab9a7ca?source=rss"
setup,90.71167097329888,"https://www.upwork.com/jobs/HubSpot-Implementation-amp-Setup-For-Sales-Team_%7E013144f4a663ad4ac9?source=rss, https://www.upwork.com/jobs/Instagram-Graph-API-setup_%7E012e33f91b8d7462cb?source=rss, https://www.upwork.com/jobs/DevOps-Engineer-needed-set-Infrastructure_%7E01279ced1969918a42?source=rss"
excel,85.67552182163188,"https://www.upwork.com/jobs/Need-Excel-VBA-Developer_%7E01288a3487df940989?source=rss, https://www.upwork.com/jobs/Medic-Nurse-break-down-clinical-terms-excel_%7E01325199f025ccd355?source=rss, https://www.upwork.com/jobs/Excel-Resource-Planning-Template-Automation_%7E013f847e78490c801d?source=rss"
